{
  "episodes": 100,
  "errors": [],
  "gym": {
    "count": 100,
    "score_mean": -4.860000133514404,
    "score_std": 0.3746998608112335,
    "steps_mean": 569.6500244140625,
    "steps_std": 100.99498748779297
  },
  "jax": {
    "count": 100,
    "score_mean": -4.869999885559082,
    "score_std": 0.3363034129142761,
    "steps_mean": 576.719970703125,
    "steps_std": 102.26074981689453
  },
  "matchup": "noop_vs_baseline",
  "passed": true,
  "score_mean_tolerance": 0.25,
  "seeds": [
    42,
    43,
    44,
    45,
    46,
    47,
    48,
    49,
    50,
    51,
    52,
    53,
    54,
    55,
    56,
    57,
    58,
    59,
    60,
    61,
    62,
    63,
    64,
    65,
    66,
    67,
    68,
    69,
    70,
    71,
    72,
    73,
    74,
    75,
    76,
    77,
    78,
    79,
    80,
    81,
    82,
    83,
    84,
    85,
    86,
    87,
    88,
    89,
    90,
    91,
    92,
    93,
    94,
    95,
    96,
    97,
    98,
    99,
    100,
    101,
    102,
    103,
    104,
    105,
    106,
    107,
    108,
    109,
    110,
    111,
    112,
    113,
    114,
    115,
    116,
    117,
    118,
    119,
    120,
    121,
    122,
    123,
    124,
    125,
    126,
    127,
    128,
    129,
    130,
    131,
    132,
    133,
    134,
    135,
    136,
    137,
    138,
    139,
    140,
    141
  ],
  "steps_mean_tolerance": 150.0
}